"location","date","age_group","target","value","population"
"49","2023-09-30","0.5-0.99","rate hosp",0,23339.5
"49","2023-09-30","0.5-0.99","inc hosp",0,23339.5
"49","2023-09-23","0.5-0.99","rate hosp",0,23339.5
"49","2023-09-23","0.5-0.99","inc hosp",0,23339.5
"49","2023-09-16","0.5-0.99","rate hosp",13,23339.5
"49","2023-09-16","0.5-0.99","inc hosp",3.034135,23339.5
"49","2023-09-09","0.5-0.99","rate hosp",0,23339.5
"49","2023-09-09","0.5-0.99","inc hosp",0,23339.5
"49","2023-09-02","0.5-0.99","rate hosp",13,23339.5
"49","2023-09-02","0.5-0.99","inc hosp",3.034135,23339.5
"49","2023-08-26","0.5-0.99","rate hosp",0,23339.5
"49","2023-08-26","0.5-0.99","inc hosp",0,23339.5
"49","2023-08-19","0.5-0.99","rate hosp",13,23339.5
"49","2023-08-19","0.5-0.99","inc hosp",3.034135,23339.5
"49","2023-08-12","0.5-0.99","rate hosp",0,23339.5
"49","2023-08-12","0.5-0.99","inc hosp",0,23339.5
"49","2023-08-05","0.5-0.99","rate hosp",0,23339.5
"49","2023-08-05","0.5-0.99","inc hosp",0,23339.5
"49","2023-07-29","0.5-0.99","rate hosp",0,23339.5
"49","2023-07-29","0.5-0.99","inc hosp",0,23339.5
"49","2023-07-22","0.5-0.99","rate hosp",0,23339.5
"49","2023-07-22","0.5-0.99","inc hosp",0,23339.5
"49","2023-07-15","0.5-0.99","rate hosp",0,23339.5
"49","2023-07-15","0.5-0.99","inc hosp",0,23339.5
"49","2023-07-08","0.5-0.99","rate hosp",0,23339.5
"49","2023-07-08","0.5-0.99","inc hosp",0,23339.5
"49","2023-07-01","0.5-0.99","rate hosp",0,23339.5
"49","2023-07-01","0.5-0.99","inc hosp",0,23339.5
"49","2023-06-24","0.5-0.99","rate hosp",0,23339.5
"49","2023-06-24","0.5-0.99","inc hosp",0,23339.5
"49","2023-06-17","0.5-0.99","rate hosp",13,23339.5
"49","2023-06-17","0.5-0.99","inc hosp",3.034135,23339.5
"49","2023-06-10","0.5-0.99","rate hosp",0,23339.5
"49","2023-06-10","0.5-0.99","inc hosp",0,23339.5
"49","2023-06-03","0.5-0.99","rate hosp",0,23339.5
"49","2023-06-03","0.5-0.99","inc hosp",0,23339.5
"49","2023-05-27","0.5-0.99","rate hosp",0,23339.5
"49","2023-05-27","0.5-0.99","inc hosp",0,23339.5
"49","2023-05-20","0.5-0.99","rate hosp",0,23339.5
"49","2023-05-20","0.5-0.99","inc hosp",0,23339.5
"49","2023-05-13","0.5-0.99","rate hosp",0,23339.5
"49","2023-05-13","0.5-0.99","inc hosp",0,23339.5
"49","2023-05-06","0.5-0.99","rate hosp",0,23339.5
"49","2023-05-06","0.5-0.99","inc hosp",0,23339.5
"49","2023-04-29","0.5-0.99","rate hosp",0,23339.5
"49","2023-04-29","0.5-0.99","inc hosp",0,23339.5
"49","2023-04-22","0.5-0.99","rate hosp",0,23339.5
"49","2023-04-22","0.5-0.99","inc hosp",0,23339.5
"49","2023-04-15","0.5-0.99","rate hosp",0,23339.5
"49","2023-04-15","0.5-0.99","inc hosp",0,23339.5
"49","2023-04-08","0.5-0.99","rate hosp",0,23339.5
"49","2023-04-08","0.5-0.99","inc hosp",0,23339.5
"49","2023-04-01","0.5-0.99","rate hosp",0,23339.5
"49","2023-04-01","0.5-0.99","inc hosp",0,23339.5
"49","2023-03-25","0.5-0.99","rate hosp",26,23339.5
"49","2023-03-25","0.5-0.99","inc hosp",6.06827,23339.5
"49","2023-03-18","0.5-0.99","rate hosp",0,23339.5
"49","2023-03-18","0.5-0.99","inc hosp",0,23339.5
"49","2023-03-11","0.5-0.99","rate hosp",0,23339.5
"49","2023-03-11","0.5-0.99","inc hosp",0,23339.5
"49","2023-03-04","0.5-0.99","rate hosp",13,23339.5
"49","2023-03-04","0.5-0.99","inc hosp",3.034135,23339.5
"49","2023-02-25","0.5-0.99","rate hosp",0,23339.5
"49","2023-02-25","0.5-0.99","inc hosp",0,23339.5
"49","2023-02-18","0.5-0.99","rate hosp",13,23339.5
"49","2023-02-18","0.5-0.99","inc hosp",3.034135,23339.5
"49","2023-02-11","0.5-0.99","rate hosp",0,23339.5
"49","2023-02-11","0.5-0.99","inc hosp",0,23339.5
"49","2023-02-04","0.5-0.99","rate hosp",13,23339.5
"49","2023-02-04","0.5-0.99","inc hosp",3.034135,23339.5
"49","2023-01-28","0.5-0.99","rate hosp",26,23339.5
"49","2023-01-28","0.5-0.99","inc hosp",6.06827,23339.5
"49","2023-01-21","0.5-0.99","rate hosp",26,23339.5
"49","2023-01-21","0.5-0.99","inc hosp",6.06827,23339.5
"49","2023-01-14","0.5-0.99","rate hosp",39,23339.5
"49","2023-01-14","0.5-0.99","inc hosp",9.102405,23339.5
"49","2023-01-07","0.5-0.99","rate hosp",26,23339.5
"49","2023-01-07","0.5-0.99","inc hosp",6.06827,23339.5
"49","2022-12-31","0.5-0.99","rate hosp",78,23339.5
"49","2022-12-31","0.5-0.99","inc hosp",18.20481,23339.5
"49","2022-12-24","0.5-0.99","rate hosp",13,23339.5
"49","2022-12-24","0.5-0.99","inc hosp",3.034135,23339.5
"49","2022-12-17","0.5-0.99","rate hosp",142.9,23339.5
"49","2022-12-17","0.5-0.99","inc hosp",33.3521455,23339.5
"49","2022-12-10","0.5-0.99","rate hosp",181.9,23339.5
"49","2022-12-10","0.5-0.99","inc hosp",42.4545505,23339.5
"49","2022-12-03","0.5-0.99","rate hosp",155.9,23339.5
"49","2022-12-03","0.5-0.99","inc hosp",36.3862805,23339.5
"49","2022-11-26","0.5-0.99","rate hosp",168.9,23339.5
"49","2022-11-26","0.5-0.99","inc hosp",39.4204155,23339.5
"49","2022-11-19","0.5-0.99","rate hosp",129.9,23339.5
"49","2022-11-19","0.5-0.99","inc hosp",30.3180105,23339.5
"49","2022-11-12","0.5-0.99","rate hosp",52,23339.5
"49","2022-11-12","0.5-0.99","inc hosp",12.13654,23339.5
"49","2022-11-05","0.5-0.99","rate hosp",90.9,23339.5
"49","2022-11-05","0.5-0.99","inc hosp",21.2156055,23339.5
"49","2022-10-29","0.5-0.99","rate hosp",78,23339.5
"49","2022-10-29","0.5-0.99","inc hosp",18.20481,23339.5
"49","2022-10-22","0.5-0.99","rate hosp",26,23339.5
"49","2022-10-22","0.5-0.99","inc hosp",6.06827,23339.5
"49","2022-10-15","0.5-0.99","rate hosp",0,23339.5
"49","2022-10-15","0.5-0.99","inc hosp",0,23339.5
"49","2022-10-08","0.5-0.99","rate hosp",0,23339.5
"49","2022-10-08","0.5-0.99","inc hosp",0,23339.5
"47","2023-09-30","0.5-0.99","rate hosp",0,40730
"47","2023-09-30","0.5-0.99","inc hosp",0,40730
"47","2023-09-23","0.5-0.99","rate hosp",26.5,40730
"47","2023-09-23","0.5-0.99","inc hosp",10.79345,40730
"47","2023-09-16","0.5-0.99","rate hosp",0,40730
"47","2023-09-16","0.5-0.99","inc hosp",0,40730
"47","2023-09-09","0.5-0.99","rate hosp",8.8,40730
"47","2023-09-09","0.5-0.99","inc hosp",3.58424,40730
"47","2023-09-02","0.5-0.99","rate hosp",0,40730
"47","2023-09-02","0.5-0.99","inc hosp",0,40730
"47","2023-08-26","0.5-0.99","rate hosp",0,40730
"47","2023-08-26","0.5-0.99","inc hosp",0,40730
"47","2023-08-19","0.5-0.99","rate hosp",17.6,40730
"47","2023-08-19","0.5-0.99","inc hosp",7.16848,40730
"47","2023-08-12","0.5-0.99","rate hosp",0,40730
"47","2023-08-12","0.5-0.99","inc hosp",0,40730
"47","2023-08-05","0.5-0.99","rate hosp",0,40730
"47","2023-08-05","0.5-0.99","inc hosp",0,40730
"47","2023-07-29","0.5-0.99","rate hosp",0,40730
"47","2023-07-29","0.5-0.99","inc hosp",0,40730
"47","2023-07-22","0.5-0.99","rate hosp",0,40730
"47","2023-07-22","0.5-0.99","inc hosp",0,40730
"47","2023-07-15","0.5-0.99","rate hosp",0,40730
"47","2023-07-15","0.5-0.99","inc hosp",0,40730
"47","2023-07-08","0.5-0.99","rate hosp",0,40730
"47","2023-07-08","0.5-0.99","inc hosp",0,40730
"47","2023-07-01","0.5-0.99","rate hosp",0,40730
"47","2023-07-01","0.5-0.99","inc hosp",0,40730
"47","2023-06-24","0.5-0.99","rate hosp",0,40730
"47","2023-06-24","0.5-0.99","inc hosp",0,40730
"47","2023-06-17","0.5-0.99","rate hosp",0,40730
"47","2023-06-17","0.5-0.99","inc hosp",0,40730
"47","2023-06-10","0.5-0.99","rate hosp",8.8,40730
"47","2023-06-10","0.5-0.99","inc hosp",3.58424,40730
"47","2023-06-03","0.5-0.99","rate hosp",8.8,40730
"47","2023-06-03","0.5-0.99","inc hosp",3.58424,40730
"47","2023-05-27","0.5-0.99","rate hosp",0,40730
"47","2023-05-27","0.5-0.99","inc hosp",0,40730
"47","2023-05-20","0.5-0.99","rate hosp",0,40730
"47","2023-05-20","0.5-0.99","inc hosp",0,40730
"47","2023-05-13","0.5-0.99","rate hosp",0,40730
"47","2023-05-13","0.5-0.99","inc hosp",0,40730
"47","2023-05-06","0.5-0.99","rate hosp",0,40730
"47","2023-05-06","0.5-0.99","inc hosp",0,40730
"47","2023-04-29","0.5-0.99","rate hosp",8.8,40730
"47","2023-04-29","0.5-0.99","inc hosp",3.58424,40730
"47","2023-04-22","0.5-0.99","rate hosp",0,40730
"47","2023-04-22","0.5-0.99","inc hosp",0,40730
"47","2023-04-15","0.5-0.99","rate hosp",0,40730
"47","2023-04-15","0.5-0.99","inc hosp",0,40730
"47","2023-04-08","0.5-0.99","rate hosp",0,40730
"47","2023-04-08","0.5-0.99","inc hosp",0,40730
"47","2023-04-01","0.5-0.99","rate hosp",0,40730
"47","2023-04-01","0.5-0.99","inc hosp",0,40730
"47","2023-03-25","0.5-0.99","rate hosp",8.8,40730
"47","2023-03-25","0.5-0.99","inc hosp",3.58424,40730
"47","2023-03-18","0.5-0.99","rate hosp",0,40730
"47","2023-03-18","0.5-0.99","inc hosp",0,40730
"47","2023-03-11","0.5-0.99","rate hosp",0,40730
"47","2023-03-11","0.5-0.99","inc hosp",0,40730
"47","2023-03-04","0.5-0.99","rate hosp",0,40730
"47","2023-03-04","0.5-0.99","inc hosp",0,40730
"47","2023-02-25","0.5-0.99","rate hosp",0,40730
"47","2023-02-25","0.5-0.99","inc hosp",0,40730
"47","2023-02-18","0.5-0.99","rate hosp",0,40730
"47","2023-02-18","0.5-0.99","inc hosp",0,40730
"47","2023-02-11","0.5-0.99","rate hosp",0,40730
"47","2023-02-11","0.5-0.99","inc hosp",0,40730
"47","2023-02-04","0.5-0.99","rate hosp",8.8,40730
"47","2023-02-04","0.5-0.99","inc hosp",3.58424,40730
"47","2023-01-28","0.5-0.99","rate hosp",0,40730
"47","2023-01-28","0.5-0.99","inc hosp",0,40730
"47","2023-01-21","0.5-0.99","rate hosp",26.5,40730
"47","2023-01-21","0.5-0.99","inc hosp",10.79345,40730
"47","2023-01-14","0.5-0.99","rate hosp",0,40730
"47","2023-01-14","0.5-0.99","inc hosp",0,40730
"47","2023-01-07","0.5-0.99","rate hosp",0,40730
"47","2023-01-07","0.5-0.99","inc hosp",0,40730
"47","2022-12-31","0.5-0.99","rate hosp",0,40730
"47","2022-12-31","0.5-0.99","inc hosp",0,40730
"47","2022-12-24","0.5-0.99","rate hosp",26.5,40730
"47","2022-12-24","0.5-0.99","inc hosp",10.79345,40730
"47","2022-12-17","0.5-0.99","rate hosp",8.8,40730
"47","2022-12-17","0.5-0.99","inc hosp",3.58424,40730
"47","2022-12-10","0.5-0.99","rate hosp",17.6,40730
"47","2022-12-10","0.5-0.99","inc hosp",7.16848,40730
"47","2022-12-03","0.5-0.99","rate hosp",17.6,40730
"47","2022-12-03","0.5-0.99","inc hosp",7.16848,40730
"47","2022-11-26","0.5-0.99","rate hosp",17.6,40730
"47","2022-11-26","0.5-0.99","inc hosp",7.16848,40730
"47","2022-11-19","0.5-0.99","rate hosp",8.8,40730
"47","2022-11-19","0.5-0.99","inc hosp",3.58424,40730
"47","2022-11-12","0.5-0.99","rate hosp",8.8,40730
"47","2022-11-12","0.5-0.99","inc hosp",3.58424,40730
"47","2022-11-05","0.5-0.99","rate hosp",26.5,40730
"47","2022-11-05","0.5-0.99","inc hosp",10.79345,40730
"47","2022-10-29","0.5-0.99","rate hosp",52.9,40730
"47","2022-10-29","0.5-0.99","inc hosp",21.54617,40730
"47","2022-10-22","0.5-0.99","rate hosp",70.6,40730
"47","2022-10-22","0.5-0.99","inc hosp",28.75538,40730
"47","2022-10-15","0.5-0.99","rate hosp",44.1,40730
"47","2022-10-15","0.5-0.99","inc hosp",17.96193,40730
"47","2022-10-08","0.5-0.99","rate hosp",8.8,40730
"47","2022-10-08","0.5-0.99","inc hosp",3.58424,40730
"41","2023-09-30","0.5-0.99","rate hosp",0,20526
"41","2023-09-30","0.5-0.99","inc hosp",0,20526
"41","2023-09-23","0.5-0.99","rate hosp",11.3,20526
"41","2023-09-23","0.5-0.99","inc hosp",2.319438,20526
"41","2023-09-16","0.5-0.99","rate hosp",11.3,20526
"41","2023-09-16","0.5-0.99","inc hosp",2.319438,20526
"41","2023-09-09","0.5-0.99","rate hosp",0,20526
"41","2023-09-09","0.5-0.99","inc hosp",0,20526
"41","2023-09-02","0.5-0.99","rate hosp",0,20526
"41","2023-09-02","0.5-0.99","inc hosp",0,20526
"41","2023-08-26","0.5-0.99","rate hosp",0,20526
"41","2023-08-26","0.5-0.99","inc hosp",0,20526
"41","2023-08-19","0.5-0.99","rate hosp",0,20526
"41","2023-08-19","0.5-0.99","inc hosp",0,20526
"41","2023-08-12","0.5-0.99","rate hosp",0,20526
"41","2023-08-12","0.5-0.99","inc hosp",0,20526
"41","2023-08-05","0.5-0.99","rate hosp",0,20526
"41","2023-08-05","0.5-0.99","inc hosp",0,20526
"41","2023-07-29","0.5-0.99","rate hosp",0,20526
"41","2023-07-29","0.5-0.99","inc hosp",0,20526
"41","2023-07-22","0.5-0.99","rate hosp",0,20526
"41","2023-07-22","0.5-0.99","inc hosp",0,20526
"41","2023-07-15","0.5-0.99","rate hosp",0,20526
"41","2023-07-15","0.5-0.99","inc hosp",0,20526
"41","2023-07-08","0.5-0.99","rate hosp",0,20526
"41","2023-07-08","0.5-0.99","inc hosp",0,20526
"41","2023-07-01","0.5-0.99","rate hosp",0,20526
"41","2023-07-01","0.5-0.99","inc hosp",0,20526
"41","2023-06-24","0.5-0.99","rate hosp",0,20526
"41","2023-06-24","0.5-0.99","inc hosp",0,20526
"41","2023-06-17","0.5-0.99","rate hosp",0,20526
"41","2023-06-17","0.5-0.99","inc hosp",0,20526
"41","2023-06-10","0.5-0.99","rate hosp",0,20526
"41","2023-06-10","0.5-0.99","inc hosp",0,20526
"41","2023-06-03","0.5-0.99","rate hosp",0,20526
"41","2023-06-03","0.5-0.99","inc hosp",0,20526
"41","2023-05-27","0.5-0.99","rate hosp",0,20526
"41","2023-05-27","0.5-0.99","inc hosp",0,20526
"41","2023-05-20","0.5-0.99","rate hosp",0,20526
"41","2023-05-20","0.5-0.99","inc hosp",0,20526
"41","2023-05-13","0.5-0.99","rate hosp",0,20526
"41","2023-05-13","0.5-0.99","inc hosp",0,20526
"41","2023-05-06","0.5-0.99","rate hosp",11.3,20526
"41","2023-05-06","0.5-0.99","inc hosp",2.319438,20526
"41","2023-04-29","0.5-0.99","rate hosp",0,20526
"41","2023-04-29","0.5-0.99","inc hosp",0,20526
"41","2023-04-22","0.5-0.99","rate hosp",0,20526
"41","2023-04-22","0.5-0.99","inc hosp",0,20526
"41","2023-04-15","0.5-0.99","rate hosp",0,20526
"41","2023-04-15","0.5-0.99","inc hosp",0,20526
"41","2023-04-08","0.5-0.99","rate hosp",0,20526
"41","2023-04-08","0.5-0.99","inc hosp",0,20526
"41","2023-04-01","0.5-0.99","rate hosp",0,20526
"41","2023-04-01","0.5-0.99","inc hosp",0,20526
"41","2023-03-25","0.5-0.99","rate hosp",0,20526
"41","2023-03-25","0.5-0.99","inc hosp",0,20526
"41","2023-03-18","0.5-0.99","rate hosp",0,20526
"41","2023-03-18","0.5-0.99","inc hosp",0,20526
"41","2023-03-11","0.5-0.99","rate hosp",0,20526
"41","2023-03-11","0.5-0.99","inc hosp",0,20526
"41","2023-03-04","0.5-0.99","rate hosp",0,20526
"41","2023-03-04","0.5-0.99","inc hosp",0,20526
"41","2023-02-25","0.5-0.99","rate hosp",0,20526
"41","2023-02-25","0.5-0.99","inc hosp",0,20526
"41","2023-02-18","0.5-0.99","rate hosp",11.3,20526
"41","2023-02-18","0.5-0.99","inc hosp",2.319438,20526
"41","2023-02-11","0.5-0.99","rate hosp",0,20526
"41","2023-02-11","0.5-0.99","inc hosp",0,20526
"41","2023-02-04","0.5-0.99","rate hosp",11.3,20526
"41","2023-02-04","0.5-0.99","inc hosp",2.319438,20526
"41","2023-01-28","0.5-0.99","rate hosp",11.3,20526
"41","2023-01-28","0.5-0.99","inc hosp",2.319438,20526
"41","2023-01-21","0.5-0.99","rate hosp",11.3,20526
"41","2023-01-21","0.5-0.99","inc hosp",2.319438,20526
"41","2023-01-14","0.5-0.99","rate hosp",11.3,20526
"41","2023-01-14","0.5-0.99","inc hosp",2.319438,20526
"41","2023-01-07","0.5-0.99","rate hosp",22.6,20526
"41","2023-01-07","0.5-0.99","inc hosp",4.638876,20526
"41","2022-12-31","0.5-0.99","rate hosp",22.6,20526
"41","2022-12-31","0.5-0.99","inc hosp",4.638876,20526
"41","2022-12-24","0.5-0.99","rate hosp",33.9,20526
"41","2022-12-24","0.5-0.99","inc hosp",6.958314,20526
"41","2022-12-17","0.5-0.99","rate hosp",33.9,20526
"41","2022-12-17","0.5-0.99","inc hosp",6.958314,20526
"41","2022-12-10","0.5-0.99","rate hosp",79.1,20526
"41","2022-12-10","0.5-0.99","inc hosp",16.236066,20526
"41","2022-12-03","0.5-0.99","rate hosp",45.2,20526
"41","2022-12-03","0.5-0.99","inc hosp",9.277752,20526
"41","2022-11-26","0.5-0.99","rate hosp",101.7,20526
"41","2022-11-26","0.5-0.99","inc hosp",20.874942,20526
"41","2022-11-19","0.5-0.99","rate hosp",101.7,20526
"41","2022-11-19","0.5-0.99","inc hosp",20.874942,20526
"41","2022-11-12","0.5-0.99","rate hosp",90.4,20526
"41","2022-11-12","0.5-0.99","inc hosp",18.555504,20526
"41","2022-11-05","0.5-0.99","rate hosp",33.9,20526
"41","2022-11-05","0.5-0.99","inc hosp",6.958314,20526
"41","2022-10-29","0.5-0.99","rate hosp",11.3,20526
"41","2022-10-29","0.5-0.99","inc hosp",2.319438,20526
"41","2022-10-22","0.5-0.99","rate hosp",11.3,20526
"41","2022-10-22","0.5-0.99","inc hosp",2.319438,20526
"41","2022-10-15","0.5-0.99","rate hosp",11.3,20526
"41","2022-10-15","0.5-0.99","inc hosp",2.319438,20526
"41","2022-10-08","0.5-0.99","rate hosp",0,20526
"41","2022-10-08","0.5-0.99","inc hosp",0,20526
"36","2023-09-30","0.5-0.99","rate hosp",0,107373
"36","2023-09-30","0.5-0.99","inc hosp",0,107373
"36","2023-09-23","0.5-0.99","rate hosp",11.4,107373
"36","2023-09-23","0.5-0.99","inc hosp",12.240522,107373
"36","2023-09-16","0.5-0.99","rate hosp",0,107373
"36","2023-09-16","0.5-0.99","inc hosp",0,107373
"36","2023-09-09","0.5-0.99","rate hosp",0,107373
"36","2023-09-09","0.5-0.99","inc hosp",0,107373
"36","2023-09-02","0.5-0.99","rate hosp",11.4,107373
"36","2023-09-02","0.5-0.99","inc hosp",12.240522,107373
"36","2023-08-26","0.5-0.99","rate hosp",0,107373
"36","2023-08-26","0.5-0.99","inc hosp",0,107373
"36","2023-08-19","0.5-0.99","rate hosp",0,107373
"36","2023-08-19","0.5-0.99","inc hosp",0,107373
"36","2023-08-12","0.5-0.99","rate hosp",0,107373
"36","2023-08-12","0.5-0.99","inc hosp",0,107373
"36","2023-08-05","0.5-0.99","rate hosp",0,107373
"36","2023-08-05","0.5-0.99","inc hosp",0,107373
"36","2023-07-29","0.5-0.99","rate hosp",0,107373
"36","2023-07-29","0.5-0.99","inc hosp",0,107373
"36","2023-07-22","0.5-0.99","rate hosp",0,107373
"36","2023-07-22","0.5-0.99","inc hosp",0,107373
"36","2023-07-15","0.5-0.99","rate hosp",0,107373
"36","2023-07-15","0.5-0.99","inc hosp",0,107373
"36","2023-07-08","0.5-0.99","rate hosp",0,107373
"36","2023-07-08","0.5-0.99","inc hosp",0,107373
"36","2023-07-01","0.5-0.99","rate hosp",0,107373
"36","2023-07-01","0.5-0.99","inc hosp",0,107373
"36","2023-06-24","0.5-0.99","rate hosp",0,107373
"36","2023-06-24","0.5-0.99","inc hosp",0,107373
"36","2023-06-17","0.5-0.99","rate hosp",0,107373
"36","2023-06-17","0.5-0.99","inc hosp",0,107373
"36","2023-06-10","0.5-0.99","rate hosp",0,107373
"36","2023-06-10","0.5-0.99","inc hosp",0,107373
"36","2023-06-03","0.5-0.99","rate hosp",0,107373
"36","2023-06-03","0.5-0.99","inc hosp",0,107373
"36","2023-05-27","0.5-0.99","rate hosp",0,107373
"36","2023-05-27","0.5-0.99","inc hosp",0,107373
"36","2023-05-20","0.5-0.99","rate hosp",0,107373
"36","2023-05-20","0.5-0.99","inc hosp",0,107373
"36","2023-05-13","0.5-0.99","rate hosp",0,107373
"36","2023-05-13","0.5-0.99","inc hosp",0,107373
"36","2023-05-06","0.5-0.99","rate hosp",0,107373
"36","2023-05-06","0.5-0.99","inc hosp",0,107373
"36","2023-04-29","0.5-0.99","rate hosp",0,107373
"36","2023-04-29","0.5-0.99","inc hosp",0,107373
"36","2023-04-22","0.5-0.99","rate hosp",0,107373
"36","2023-04-22","0.5-0.99","inc hosp",0,107373
"36","2023-04-15","0.5-0.99","rate hosp",0,107373
"36","2023-04-15","0.5-0.99","inc hosp",0,107373
"36","2023-04-08","0.5-0.99","rate hosp",0,107373
"36","2023-04-08","0.5-0.99","inc hosp",0,107373
"36","2023-04-01","0.5-0.99","rate hosp",0,107373
"36","2023-04-01","0.5-0.99","inc hosp",0,107373
"36","2023-03-25","0.5-0.99","rate hosp",0,107373
"36","2023-03-25","0.5-0.99","inc hosp",0,107373
"36","2023-03-18","0.5-0.99","rate hosp",0,107373
"36","2023-03-18","0.5-0.99","inc hosp",0,107373
"36","2023-03-11","0.5-0.99","rate hosp",0,107373
"36","2023-03-11","0.5-0.99","inc hosp",0,107373
"36","2023-03-04","0.5-0.99","rate hosp",0,107373
"36","2023-03-04","0.5-0.99","inc hosp",0,107373
"36","2023-02-25","0.5-0.99","rate hosp",0,107373
"36","2023-02-25","0.5-0.99","inc hosp",0,107373
"36","2023-02-18","0.5-0.99","rate hosp",11.4,107373
"36","2023-02-18","0.5-0.99","inc hosp",12.240522,107373
"36","2023-02-11","0.5-0.99","rate hosp",11.4,107373
"36","2023-02-11","0.5-0.99","inc hosp",12.240522,107373
"36","2023-02-04","0.5-0.99","rate hosp",0,107373
"36","2023-02-04","0.5-0.99","inc hosp",0,107373
"36","2023-01-28","0.5-0.99","rate hosp",0,107373
"36","2023-01-28","0.5-0.99","inc hosp",0,107373
"36","2023-01-21","0.5-0.99","rate hosp",11.4,107373
"36","2023-01-21","0.5-0.99","inc hosp",12.240522,107373
"36","2023-01-14","0.5-0.99","rate hosp",11.4,107373
"36","2023-01-14","0.5-0.99","inc hosp",12.240522,107373
"36","2023-01-07","0.5-0.99","rate hosp",0,107373
"36","2023-01-07","0.5-0.99","inc hosp",0,107373
"36","2022-12-31","0.5-0.99","rate hosp",11.4,107373
"36","2022-12-31","0.5-0.99","inc hosp",12.240522,107373
"36","2022-12-24","0.5-0.99","rate hosp",34.1,107373
"36","2022-12-24","0.5-0.99","inc hosp",36.614193,107373
"36","2022-12-17","0.5-0.99","rate hosp",11.4,107373
"36","2022-12-17","0.5-0.99","inc hosp",12.240522,107373
"36","2022-12-10","0.5-0.99","rate hosp",45.5,107373
"36","2022-12-10","0.5-0.99","inc hosp",48.854715,107373
"36","2022-12-03","0.5-0.99","rate hosp",56.9,107373
"36","2022-12-03","0.5-0.99","inc hosp",61.095237,107373
"36","2022-11-26","0.5-0.99","rate hosp",68.2,107373
"36","2022-11-26","0.5-0.99","inc hosp",73.228386,107373
"36","2022-11-19","0.5-0.99","rate hosp",136.5,107373
"36","2022-11-19","0.5-0.99","inc hosp",146.564145,107373
"36","2022-11-12","0.5-0.99","rate hosp",147.9,107373
"36","2022-11-12","0.5-0.99","inc hosp",158.804667,107373
"36","2022-11-05","0.5-0.99","rate hosp",125.1,107373
"36","2022-11-05","0.5-0.99","inc hosp",134.323623,107373
"36","2022-10-29","0.5-0.99","rate hosp",227.5,107373
"36","2022-10-29","0.5-0.99","inc hosp",244.273575,107373
"36","2022-10-22","0.5-0.99","rate hosp",136.5,107373
"36","2022-10-22","0.5-0.99","inc hosp",146.564145,107373
"36","2022-10-15","0.5-0.99","rate hosp",56.9,107373
"36","2022-10-15","0.5-0.99","inc hosp",61.095237,107373
"36","2022-10-08","0.5-0.99","rate hosp",22.7,107373
"36","2022-10-08","0.5-0.99","inc hosp",24.373671,107373
"35","2023-09-30","0.5-0.99","rate hosp",0,10415
"35","2023-09-30","0.5-0.99","inc hosp",0,10415
"35","2023-09-23","0.5-0.99","rate hosp",0,10415
"35","2023-09-23","0.5-0.99","inc hosp",0,10415
"35","2023-09-16","0.5-0.99","rate hosp",0,10415
"35","2023-09-16","0.5-0.99","inc hosp",0,10415
"35","2023-09-09","0.5-0.99","rate hosp",0,10415
"35","2023-09-09","0.5-0.99","inc hosp",0,10415
"35","2023-09-02","0.5-0.99","rate hosp",0,10415
"35","2023-09-02","0.5-0.99","inc hosp",0,10415
"35","2023-08-26","0.5-0.99","rate hosp",0,10415
"35","2023-08-26","0.5-0.99","inc hosp",0,10415
"35","2023-08-19","0.5-0.99","rate hosp",0,10415
"35","2023-08-19","0.5-0.99","inc hosp",0,10415
"35","2023-08-12","0.5-0.99","rate hosp",0,10415
"35","2023-08-12","0.5-0.99","inc hosp",0,10415
"35","2023-08-05","0.5-0.99","rate hosp",0,10415
"35","2023-08-05","0.5-0.99","inc hosp",0,10415
"35","2023-07-29","0.5-0.99","rate hosp",0,10415
"35","2023-07-29","0.5-0.99","inc hosp",0,10415
"35","2023-07-22","0.5-0.99","rate hosp",0,10415
"35","2023-07-22","0.5-0.99","inc hosp",0,10415
"35","2023-07-15","0.5-0.99","rate hosp",0,10415
"35","2023-07-15","0.5-0.99","inc hosp",0,10415
"35","2023-07-08","0.5-0.99","rate hosp",0,10415
"35","2023-07-08","0.5-0.99","inc hosp",0,10415
"35","2023-07-01","0.5-0.99","rate hosp",0,10415
"35","2023-07-01","0.5-0.99","inc hosp",0,10415
"35","2023-06-24","0.5-0.99","rate hosp",0,10415
"35","2023-06-24","0.5-0.99","inc hosp",0,10415
"35","2023-06-17","0.5-0.99","rate hosp",0,10415
"35","2023-06-17","0.5-0.99","inc hosp",0,10415
"35","2023-06-10","0.5-0.99","rate hosp",0,10415
"35","2023-06-10","0.5-0.99","inc hosp",0,10415
"35","2023-06-03","0.5-0.99","rate hosp",0,10415
"35","2023-06-03","0.5-0.99","inc hosp",0,10415
"35","2023-05-27","0.5-0.99","rate hosp",0,10415
"35","2023-05-27","0.5-0.99","inc hosp",0,10415
"35","2023-05-20","0.5-0.99","rate hosp",0,10415
"35","2023-05-20","0.5-0.99","inc hosp",0,10415
"35","2023-05-13","0.5-0.99","rate hosp",0,10415
"35","2023-05-13","0.5-0.99","inc hosp",0,10415
"35","2023-05-06","0.5-0.99","rate hosp",32.1,10415
"35","2023-05-06","0.5-0.99","inc hosp",3.343215,10415
"35","2023-04-29","0.5-0.99","rate hosp",0,10415
"35","2023-04-29","0.5-0.99","inc hosp",0,10415
"35","2023-04-22","0.5-0.99","rate hosp",0,10415
"35","2023-04-22","0.5-0.99","inc hosp",0,10415
"35","2023-04-15","0.5-0.99","rate hosp",0,10415
"35","2023-04-15","0.5-0.99","inc hosp",0,10415
"35","2023-04-08","0.5-0.99","rate hosp",0,10415
"35","2023-04-08","0.5-0.99","inc hosp",0,10415
"35","2023-04-01","0.5-0.99","rate hosp",0,10415
"35","2023-04-01","0.5-0.99","inc hosp",0,10415
"35","2023-03-25","0.5-0.99","rate hosp",0,10415
"35","2023-03-25","0.5-0.99","inc hosp",0,10415
"35","2023-03-18","0.5-0.99","rate hosp",0,10415
"35","2023-03-18","0.5-0.99","inc hosp",0,10415
"35","2023-03-11","0.5-0.99","rate hosp",0,10415
"35","2023-03-11","0.5-0.99","inc hosp",0,10415
"35","2023-03-04","0.5-0.99","rate hosp",0,10415
"35","2023-03-04","0.5-0.99","inc hosp",0,10415
"35","2023-02-25","0.5-0.99","rate hosp",0,10415
"35","2023-02-25","0.5-0.99","inc hosp",0,10415
"35","2023-02-18","0.5-0.99","rate hosp",0,10415
"35","2023-02-18","0.5-0.99","inc hosp",0,10415
"35","2023-02-11","0.5-0.99","rate hosp",32.1,10415
"35","2023-02-11","0.5-0.99","inc hosp",3.343215,10415
"35","2023-02-04","0.5-0.99","rate hosp",0,10415
"35","2023-02-04","0.5-0.99","inc hosp",0,10415
"35","2023-01-28","0.5-0.99","rate hosp",32.1,10415
"35","2023-01-28","0.5-0.99","inc hosp",3.343215,10415
"35","2023-01-21","0.5-0.99","rate hosp",32.1,10415
"35","2023-01-21","0.5-0.99","inc hosp",3.343215,10415
"35","2023-01-14","0.5-0.99","rate hosp",96.4,10415
"35","2023-01-14","0.5-0.99","inc hosp",10.04006,10415
"35","2023-01-07","0.5-0.99","rate hosp",64.3,10415
"35","2023-01-07","0.5-0.99","inc hosp",6.696845,10415
"35","2022-12-31","0.5-0.99","rate hosp",32.1,10415
"35","2022-12-31","0.5-0.99","inc hosp",3.343215,10415
"35","2022-12-24","0.5-0.99","rate hosp",96.4,10415
"35","2022-12-24","0.5-0.99","inc hosp",10.04006,10415
"35","2022-12-17","0.5-0.99","rate hosp",160.7,10415
"35","2022-12-17","0.5-0.99","inc hosp",16.736905,10415
"35","2022-12-10","0.5-0.99","rate hosp",225,10415
"35","2022-12-10","0.5-0.99","inc hosp",23.43375,10415
"35","2022-12-03","0.5-0.99","rate hosp",257.2,10415
"35","2022-12-03","0.5-0.99","inc hosp",26.78738,10415
"35","2022-11-26","0.5-0.99","rate hosp",417.9,10415
"35","2022-11-26","0.5-0.99","inc hosp",43.524285,10415
"35","2022-11-19","0.5-0.99","rate hosp",450,10415
"35","2022-11-19","0.5-0.99","inc hosp",46.8675,10415
"35","2022-11-12","0.5-0.99","rate hosp",450,10415
"35","2022-11-12","0.5-0.99","inc hosp",46.8675,10415
"35","2022-11-05","0.5-0.99","rate hosp",385.7,10415
"35","2022-11-05","0.5-0.99","inc hosp",40.170655,10415
"35","2022-10-29","0.5-0.99","rate hosp",353.6,10415
"35","2022-10-29","0.5-0.99","inc hosp",36.82744,10415
"35","2022-10-22","0.5-0.99","rate hosp",64.3,10415
"35","2022-10-22","0.5-0.99","inc hosp",6.696845,10415
"35","2022-10-15","0.5-0.99","rate hosp",64.3,10415
"35","2022-10-15","0.5-0.99","inc hosp",6.696845,10415
"35","2022-10-08","0.5-0.99","rate hosp",0,10415
"35","2022-10-08","0.5-0.99","inc hosp",0,10415
"27","2023-09-30","0.5-0.99","rate hosp",5.4,32377.5
"27","2023-09-30","0.5-0.99","inc hosp",1.748385,32377.5
"27","2023-09-23","0.5-0.99","rate hosp",5.4,32377.5
"27","2023-09-23","0.5-0.99","inc hosp",1.748385,32377.5
"27","2023-09-16","0.5-0.99","rate hosp",5.4,32377.5
"27","2023-09-16","0.5-0.99","inc hosp",1.748385,32377.5
"27","2023-09-09","0.5-0.99","rate hosp",5.4,32377.5
"27","2023-09-09","0.5-0.99","inc hosp",1.748385,32377.5
"27","2023-09-02","0.5-0.99","rate hosp",0,32377.5
"27","2023-09-02","0.5-0.99","inc hosp",0,32377.5
"27","2023-08-26","0.5-0.99","rate hosp",10.9,32377.5
"27","2023-08-26","0.5-0.99","inc hosp",3.5291475,32377.5
"27","2023-08-19","0.5-0.99","rate hosp",5.4,32377.5
"27","2023-08-19","0.5-0.99","inc hosp",1.748385,32377.5
"27","2023-08-12","0.5-0.99","rate hosp",0,32377.5
"27","2023-08-12","0.5-0.99","inc hosp",0,32377.5
"27","2023-08-05","0.5-0.99","rate hosp",0,32377.5
"27","2023-08-05","0.5-0.99","inc hosp",0,32377.5
"27","2023-07-29","0.5-0.99","rate hosp",0,32377.5
"27","2023-07-29","0.5-0.99","inc hosp",0,32377.5
"27","2023-07-22","0.5-0.99","rate hosp",0,32377.5
"27","2023-07-22","0.5-0.99","inc hosp",0,32377.5
"27","2023-07-15","0.5-0.99","rate hosp",0,32377.5
"27","2023-07-15","0.5-0.99","inc hosp",0,32377.5
"27","2023-07-08","0.5-0.99","rate hosp",0,32377.5
"27","2023-07-08","0.5-0.99","inc hosp",0,32377.5
"27","2023-07-01","0.5-0.99","rate hosp",0,32377.5
"27","2023-07-01","0.5-0.99","inc hosp",0,32377.5
"27","2023-06-24","0.5-0.99","rate hosp",5.4,32377.5
"27","2023-06-24","0.5-0.99","inc hosp",1.748385,32377.5
"27","2023-06-17","0.5-0.99","rate hosp",0,32377.5
"27","2023-06-17","0.5-0.99","inc hosp",0,32377.5
"27","2023-06-10","0.5-0.99","rate hosp",0,32377.5
"27","2023-06-10","0.5-0.99","inc hosp",0,32377.5
"27","2023-06-03","0.5-0.99","rate hosp",0,32377.5
"27","2023-06-03","0.5-0.99","inc hosp",0,32377.5
"27","2023-05-27","0.5-0.99","rate hosp",0,32377.5
"27","2023-05-27","0.5-0.99","inc hosp",0,32377.5
"27","2023-05-20","0.5-0.99","rate hosp",0,32377.5
"27","2023-05-20","0.5-0.99","inc hosp",0,32377.5
"27","2023-05-13","0.5-0.99","rate hosp",0,32377.5
"27","2023-05-13","0.5-0.99","inc hosp",0,32377.5
"27","2023-05-06","0.5-0.99","rate hosp",0,32377.5
"27","2023-05-06","0.5-0.99","inc hosp",0,32377.5
"27","2023-04-29","0.5-0.99","rate hosp",0,32377.5
"27","2023-04-29","0.5-0.99","inc hosp",0,32377.5
"27","2023-04-22","0.5-0.99","rate hosp",5.4,32377.5
"27","2023-04-22","0.5-0.99","inc hosp",1.748385,32377.5
"27","2023-04-15","0.5-0.99","rate hosp",0,32377.5
"27","2023-04-15","0.5-0.99","inc hosp",0,32377.5
"27","2023-04-08","0.5-0.99","rate hosp",0,32377.5
"27","2023-04-08","0.5-0.99","inc hosp",0,32377.5
"27","2023-04-01","0.5-0.99","rate hosp",0,32377.5
"27","2023-04-01","0.5-0.99","inc hosp",0,32377.5
"27","2023-03-25","0.5-0.99","rate hosp",5.4,32377.5
"27","2023-03-25","0.5-0.99","inc hosp",1.748385,32377.5
"27","2023-03-18","0.5-0.99","rate hosp",10.9,32377.5
"27","2023-03-18","0.5-0.99","inc hosp",3.5291475,32377.5
"27","2023-03-11","0.5-0.99","rate hosp",0,32377.5
"27","2023-03-11","0.5-0.99","inc hosp",0,32377.5
"27","2023-03-04","0.5-0.99","rate hosp",10.9,32377.5
"27","2023-03-04","0.5-0.99","inc hosp",3.5291475,32377.5
"27","2023-02-25","0.5-0.99","rate hosp",21.8,32377.5
"27","2023-02-25","0.5-0.99","inc hosp",7.058295,32377.5
"27","2023-02-18","0.5-0.99","rate hosp",0,32377.5
"27","2023-02-18","0.5-0.99","inc hosp",0,32377.5
"27","2023-02-11","0.5-0.99","rate hosp",5.4,32377.5
"27","2023-02-11","0.5-0.99","inc hosp",1.748385,32377.5
"27","2023-02-04","0.5-0.99","rate hosp",5.4,32377.5
"27","2023-02-04","0.5-0.99","inc hosp",1.748385,32377.5
"27","2023-01-28","0.5-0.99","rate hosp",21.8,32377.5
"27","2023-01-28","0.5-0.99","inc hosp",7.058295,32377.5
"27","2023-01-21","0.5-0.99","rate hosp",0,32377.5
"27","2023-01-21","0.5-0.99","inc hosp",0,32377.5
"27","2023-01-14","0.5-0.99","rate hosp",16.3,32377.5
"27","2023-01-14","0.5-0.99","inc hosp",5.2775325,32377.5
"27","2023-01-07","0.5-0.99","rate hosp",5.4,32377.5
"27","2023-01-07","0.5-0.99","inc hosp",1.748385,32377.5
"27","2022-12-31","0.5-0.99","rate hosp",21.8,32377.5
"27","2022-12-31","0.5-0.99","inc hosp",7.058295,32377.5
"27","2022-12-24","0.5-0.99","rate hosp",32.6,32377.5
"27","2022-12-24","0.5-0.99","inc hosp",10.555065,32377.5
"27","2022-12-17","0.5-0.99","rate hosp",38.1,32377.5
"27","2022-12-17","0.5-0.99","inc hosp",12.3358275,32377.5
"27","2022-12-10","0.5-0.99","rate hosp",65.3,32377.5
"27","2022-12-10","0.5-0.99","inc hosp",21.1425075,32377.5
"27","2022-12-03","0.5-0.99","rate hosp",87,32377.5
"27","2022-12-03","0.5-0.99","inc hosp",28.168425,32377.5
"27","2022-11-26","0.5-0.99","rate hosp",136,32377.5
"27","2022-11-26","0.5-0.99","inc hosp",44.0334,32377.5
"27","2022-11-19","0.5-0.99","rate hosp",114.2,32377.5
"27","2022-11-19","0.5-0.99","inc hosp",36.975105,32377.5
"27","2022-11-12","0.5-0.99","rate hosp",141.4,32377.5
"27","2022-11-12","0.5-0.99","inc hosp",45.781785,32377.5
"27","2022-11-05","0.5-0.99","rate hosp",136,32377.5
"27","2022-11-05","0.5-0.99","inc hosp",44.0334,32377.5
"27","2022-10-29","0.5-0.99","rate hosp",185,32377.5
"27","2022-10-29","0.5-0.99","inc hosp",59.898375,32377.5
"27","2022-10-22","0.5-0.99","rate hosp",125.1,32377.5
"27","2022-10-22","0.5-0.99","inc hosp",40.5042525,32377.5
"27","2022-10-15","0.5-0.99","rate hosp",103.4,32377.5
"27","2022-10-15","0.5-0.99","inc hosp",33.478335,32377.5
"27","2022-10-08","0.5-0.99","rate hosp",32.6,32377.5
"27","2022-10-08","0.5-0.99","inc hosp",10.555065,32377.5
"26","2023-09-30","0.5-0.99","rate hosp",0,52302.5
"26","2023-09-30","0.5-0.99","inc hosp",0,52302.5
"26","2023-09-23","0.5-0.99","rate hosp",0,52302.5
"26","2023-09-23","0.5-0.99","inc hosp",0,52302.5
"26","2023-09-16","0.5-0.99","rate hosp",0,52302.5
"26","2023-09-16","0.5-0.99","inc hosp",0,52302.5
"26","2023-09-09","0.5-0.99","rate hosp",0,52302.5
"26","2023-09-09","0.5-0.99","inc hosp",0,52302.5
"26","2023-09-02","0.5-0.99","rate hosp",0,52302.5
"26","2023-09-02","0.5-0.99","inc hosp",0,52302.5
"26","2023-08-26","0.5-0.99","rate hosp",0,52302.5
"26","2023-08-26","0.5-0.99","inc hosp",0,52302.5
"26","2023-08-19","0.5-0.99","rate hosp",0,52302.5
"26","2023-08-19","0.5-0.99","inc hosp",0,52302.5
"26","2023-08-12","0.5-0.99","rate hosp",0,52302.5
"26","2023-08-12","0.5-0.99","inc hosp",0,52302.5
"26","2023-08-05","0.5-0.99","rate hosp",0,52302.5
"26","2023-08-05","0.5-0.99","inc hosp",0,52302.5
"26","2023-07-29","0.5-0.99","rate hosp",0,52302.5
"26","2023-07-29","0.5-0.99","inc hosp",0,52302.5
"26","2023-07-22","0.5-0.99","rate hosp",0,52302.5
"26","2023-07-22","0.5-0.99","inc hosp",0,52302.5
"26","2023-07-15","0.5-0.99","rate hosp",0,52302.5
"26","2023-07-15","0.5-0.99","inc hosp",0,52302.5
"26","2023-07-08","0.5-0.99","rate hosp",0,52302.5
"26","2023-07-08","0.5-0.99","inc hosp",0,52302.5
"26","2023-07-01","0.5-0.99","rate hosp",0,52302.5
"26","2023-07-01","0.5-0.99","inc hosp",0,52302.5
"26","2023-06-24","0.5-0.99","rate hosp",0,52302.5
"26","2023-06-24","0.5-0.99","inc hosp",0,52302.5
"26","2023-06-17","0.5-0.99","rate hosp",0,52302.5
"26","2023-06-17","0.5-0.99","inc hosp",0,52302.5
"26","2023-06-10","0.5-0.99","rate hosp",0,52302.5
"26","2023-06-10","0.5-0.99","inc hosp",0,52302.5
"26","2023-06-03","0.5-0.99","rate hosp",0,52302.5
"26","2023-06-03","0.5-0.99","inc hosp",0,52302.5
"26","2023-05-27","0.5-0.99","rate hosp",0,52302.5
"26","2023-05-27","0.5-0.99","inc hosp",0,52302.5
"26","2023-05-20","0.5-0.99","rate hosp",0,52302.5
"26","2023-05-20","0.5-0.99","inc hosp",0,52302.5
"26","2023-05-13","0.5-0.99","rate hosp",0,52302.5
"26","2023-05-13","0.5-0.99","inc hosp",0,52302.5
"26","2023-05-06","0.5-0.99","rate hosp",0,52302.5
"26","2023-05-06","0.5-0.99","inc hosp",0,52302.5
"26","2023-04-29","0.5-0.99","rate hosp",0,52302.5
"26","2023-04-29","0.5-0.99","inc hosp",0,52302.5
"26","2023-04-22","0.5-0.99","rate hosp",0,52302.5
"26","2023-04-22","0.5-0.99","inc hosp",0,52302.5
"26","2023-04-15","0.5-0.99","rate hosp",0,52302.5
"26","2023-04-15","0.5-0.99","inc hosp",0,52302.5
"26","2023-04-08","0.5-0.99","rate hosp",0,52302.5
"26","2023-04-08","0.5-0.99","inc hosp",0,52302.5
"26","2023-04-01","0.5-0.99","rate hosp",0,52302.5
"26","2023-04-01","0.5-0.99","inc hosp",0,52302.5
"26","2023-03-25","0.5-0.99","rate hosp",0,52302.5
"26","2023-03-25","0.5-0.99","inc hosp",0,52302.5
"26","2023-03-18","0.5-0.99","rate hosp",0,52302.5
"26","2023-03-18","0.5-0.99","inc hosp",0,52302.5
"26","2023-03-11","0.5-0.99","rate hosp",0,52302.5
"26","2023-03-11","0.5-0.99","inc hosp",0,52302.5
"26","2023-03-04","0.5-0.99","rate hosp",16.3,52302.5
"26","2023-03-04","0.5-0.99","inc hosp",8.5253075,52302.5
"26","2023-02-25","0.5-0.99","rate hosp",0,52302.5
"26","2023-02-25","0.5-0.99","inc hosp",0,52302.5
"26","2023-02-18","0.5-0.99","rate hosp",0,52302.5
"26","2023-02-18","0.5-0.99","inc hosp",0,52302.5
"26","2023-02-11","0.5-0.99","rate hosp",0,52302.5
"26","2023-02-11","0.5-0.99","inc hosp",0,52302.5
"26","2023-02-04","0.5-0.99","rate hosp",0,52302.5
"26","2023-02-04","0.5-0.99","inc hosp",0,52302.5
"26","2023-01-28","0.5-0.99","rate hosp",0,52302.5
"26","2023-01-28","0.5-0.99","inc hosp",0,52302.5
"26","2023-01-21","0.5-0.99","rate hosp",0,52302.5
"26","2023-01-21","0.5-0.99","inc hosp",0,52302.5
"26","2023-01-14","0.5-0.99","rate hosp",16.3,52302.5
"26","2023-01-14","0.5-0.99","inc hosp",8.5253075,52302.5
"26","2023-01-07","0.5-0.99","rate hosp",0,52302.5
"26","2023-01-07","0.5-0.99","inc hosp",0,52302.5
"26","2022-12-31","0.5-0.99","rate hosp",16.3,52302.5
"26","2022-12-31","0.5-0.99","inc hosp",8.5253075,52302.5
"26","2022-12-24","0.5-0.99","rate hosp",97.8,52302.5
"26","2022-12-24","0.5-0.99","inc hosp",51.151845,52302.5
"26","2022-12-17","0.5-0.99","rate hosp",114.1,52302.5
"26","2022-12-17","0.5-0.99","inc hosp",59.6771525,52302.5
"26","2022-12-10","0.5-0.99","rate hosp",48.9,52302.5
"26","2022-12-10","0.5-0.99","inc hosp",25.5759225,52302.5
"26","2022-12-03","0.5-0.99","rate hosp",97.8,52302.5
"26","2022-12-03","0.5-0.99","inc hosp",51.151845,52302.5
"26","2022-11-26","0.5-0.99","rate hosp",97.8,52302.5
"26","2022-11-26","0.5-0.99","inc hosp",51.151845,52302.5
"26","2022-11-19","0.5-0.99","rate hosp",244.5,52302.5
"26","2022-11-19","0.5-0.99","inc hosp",127.8796125,52302.5
"26","2022-11-12","0.5-0.99","rate hosp",114.1,52302.5
"26","2022-11-12","0.5-0.99","inc hosp",59.6771525,52302.5
"26","2022-11-05","0.5-0.99","rate hosp",391.2,52302.5
"26","2022-11-05","0.5-0.99","inc hosp",204.60738,52302.5
"26","2022-10-29","0.5-0.99","rate hosp",228.2,52302.5
"26","2022-10-29","0.5-0.99","inc hosp",119.354305,52302.5
"26","2022-10-22","0.5-0.99","rate hosp",179.3,52302.5
"26","2022-10-22","0.5-0.99","inc hosp",93.7783825,52302.5
"26","2022-10-15","0.5-0.99","rate hosp",114.1,52302.5
"26","2022-10-15","0.5-0.99","inc hosp",59.6771525,52302.5
"26","2022-10-08","0.5-0.99","rate hosp",32.6,52302.5
"26","2022-10-08","0.5-0.99","inc hosp",17.050615,52302.5
"24","2023-09-30","0.5-0.99","rate hosp",6.4,34579
"24","2023-09-30","0.5-0.99","inc hosp",2.213056,34579
"24","2023-09-23","0.5-0.99","rate hosp",0,34579
"24","2023-09-23","0.5-0.99","inc hosp",0,34579
"24","2023-09-16","0.5-0.99","rate hosp",6.4,34579
"24","2023-09-16","0.5-0.99","inc hosp",2.213056,34579
"24","2023-09-09","0.5-0.99","rate hosp",0,34579
"24","2023-09-09","0.5-0.99","inc hosp",0,34579
"24","2023-09-02","0.5-0.99","rate hosp",0,34579
"24","2023-09-02","0.5-0.99","inc hosp",0,34579
"24","2023-08-26","0.5-0.99","rate hosp",0,34579
"24","2023-08-26","0.5-0.99","inc hosp",0,34579
"24","2023-08-19","0.5-0.99","rate hosp",0,34579
"24","2023-08-19","0.5-0.99","inc hosp",0,34579
"24","2023-08-12","0.5-0.99","rate hosp",0,34579
"24","2023-08-12","0.5-0.99","inc hosp",0,34579
"24","2023-08-05","0.5-0.99","rate hosp",0,34579
"24","2023-08-05","0.5-0.99","inc hosp",0,34579
"24","2023-07-29","0.5-0.99","rate hosp",0,34579
"24","2023-07-29","0.5-0.99","inc hosp",0,34579
"24","2023-07-22","0.5-0.99","rate hosp",0,34579
"24","2023-07-22","0.5-0.99","inc hosp",0,34579
"24","2023-07-15","0.5-0.99","rate hosp",0,34579
"24","2023-07-15","0.5-0.99","inc hosp",0,34579
"24","2023-07-08","0.5-0.99","rate hosp",0,34579
"24","2023-07-08","0.5-0.99","inc hosp",0,34579
"24","2023-07-01","0.5-0.99","rate hosp",0,34579
"24","2023-07-01","0.5-0.99","inc hosp",0,34579
"24","2023-06-24","0.5-0.99","rate hosp",0,34579
"24","2023-06-24","0.5-0.99","inc hosp",0,34579
"24","2023-06-17","0.5-0.99","rate hosp",0,34579
"24","2023-06-17","0.5-0.99","inc hosp",0,34579
"24","2023-06-10","0.5-0.99","rate hosp",0,34579
"24","2023-06-10","0.5-0.99","inc hosp",0,34579
"24","2023-06-03","0.5-0.99","rate hosp",0,34579
"24","2023-06-03","0.5-0.99","inc hosp",0,34579
"24","2023-05-27","0.5-0.99","rate hosp",0,34579
"24","2023-05-27","0.5-0.99","inc hosp",0,34579
"24","2023-05-20","0.5-0.99","rate hosp",0,34579
"24","2023-05-20","0.5-0.99","inc hosp",0,34579
"24","2023-05-13","0.5-0.99","rate hosp",0,34579
"24","2023-05-13","0.5-0.99","inc hosp",0,34579
"24","2023-05-06","0.5-0.99","rate hosp",0,34579
"24","2023-05-06","0.5-0.99","inc hosp",0,34579
"24","2023-04-29","0.5-0.99","rate hosp",0,34579
"24","2023-04-29","0.5-0.99","inc hosp",0,34579
"24","2023-04-22","0.5-0.99","rate hosp",0,34579
"24","2023-04-22","0.5-0.99","inc hosp",0,34579
"24","2023-04-15","0.5-0.99","rate hosp",6.4,34579
"24","2023-04-15","0.5-0.99","inc hosp",2.213056,34579
"24","2023-04-08","0.5-0.99","rate hosp",0,34579
"24","2023-04-08","0.5-0.99","inc hosp",0,34579
"24","2023-04-01","0.5-0.99","rate hosp",0,34579
"24","2023-04-01","0.5-0.99","inc hosp",0,34579
"24","2023-03-25","0.5-0.99","rate hosp",6.4,34579
"24","2023-03-25","0.5-0.99","inc hosp",2.213056,34579
"24","2023-03-18","0.5-0.99","rate hosp",0,34579
"24","2023-03-18","0.5-0.99","inc hosp",0,34579
"24","2023-03-11","0.5-0.99","rate hosp",6.4,34579
"24","2023-03-11","0.5-0.99","inc hosp",2.213056,34579
"24","2023-03-04","0.5-0.99","rate hosp",0,34579
"24","2023-03-04","0.5-0.99","inc hosp",0,34579
"24","2023-02-25","0.5-0.99","rate hosp",0,34579
"24","2023-02-25","0.5-0.99","inc hosp",0,34579
"24","2023-02-18","0.5-0.99","rate hosp",6.4,34579
"24","2023-02-18","0.5-0.99","inc hosp",2.213056,34579
"24","2023-02-11","0.5-0.99","rate hosp",0,34579
"24","2023-02-11","0.5-0.99","inc hosp",0,34579
"24","2023-02-04","0.5-0.99","rate hosp",0,34579
"24","2023-02-04","0.5-0.99","inc hosp",0,34579
"24","2023-01-28","0.5-0.99","rate hosp",6.4,34579
"24","2023-01-28","0.5-0.99","inc hosp",2.213056,34579
"24","2023-01-21","0.5-0.99","rate hosp",6.4,34579
"24","2023-01-21","0.5-0.99","inc hosp",2.213056,34579
"24","2023-01-14","0.5-0.99","rate hosp",6.4,34579
"24","2023-01-14","0.5-0.99","inc hosp",2.213056,34579
"24","2023-01-07","0.5-0.99","rate hosp",12.8,34579
"24","2023-01-07","0.5-0.99","inc hosp",4.426112,34579
"24","2022-12-31","0.5-0.99","rate hosp",6.4,34579
"24","2022-12-31","0.5-0.99","inc hosp",2.213056,34579
"24","2022-12-24","0.5-0.99","rate hosp",6.4,34579
"24","2022-12-24","0.5-0.99","inc hosp",2.213056,34579
"24","2022-12-17","0.5-0.99","rate hosp",12.8,34579
"24","2022-12-17","0.5-0.99","inc hosp",4.426112,34579
"24","2022-12-10","0.5-0.99","rate hosp",19.2,34579
"24","2022-12-10","0.5-0.99","inc hosp",6.639168,34579
"24","2022-12-03","0.5-0.99","rate hosp",44.7,34579
"24","2022-12-03","0.5-0.99","inc hosp",15.456813,34579
"24","2022-11-26","0.5-0.99","rate hosp",31.9,34579
"24","2022-11-26","0.5-0.99","inc hosp",11.030701,34579
"24","2022-11-19","0.5-0.99","rate hosp",19.2,34579
"24","2022-11-19","0.5-0.99","inc hosp",6.639168,34579
"24","2022-11-12","0.5-0.99","rate hosp",127.8,34579
"24","2022-11-12","0.5-0.99","inc hosp",44.191962,34579
"24","2022-11-05","0.5-0.99","rate hosp",102.2,34579
"24","2022-11-05","0.5-0.99","inc hosp",35.339738,34579
"24","2022-10-29","0.5-0.99","rate hosp",115,34579
"24","2022-10-29","0.5-0.99","inc hosp",39.76585,34579
"24","2022-10-22","0.5-0.99","rate hosp",76.7,34579
"24","2022-10-22","0.5-0.99","inc hosp",26.522093,34579
"24","2022-10-15","0.5-0.99","rate hosp",25.6,34579
"24","2022-10-15","0.5-0.99","inc hosp",8.852224,34579
"24","2022-10-08","0.5-0.99","rate hosp",19.2,34579
"24","2022-10-08","0.5-0.99","inc hosp",6.639168,34579
"13","2023-09-30","0.5-0.99","rate hosp",31.9,62477
"13","2023-09-30","0.5-0.99","inc hosp",19.930163,62477
"13","2023-09-23","0.5-0.99","rate hosp",47.8,62477
"13","2023-09-23","0.5-0.99","inc hosp",29.864006,62477
"13","2023-09-16","0.5-0.99","rate hosp",35.8,62477
"13","2023-09-16","0.5-0.99","inc hosp",22.366766,62477
"13","2023-09-09","0.5-0.99","rate hosp",19.9,62477
"13","2023-09-09","0.5-0.99","inc hosp",12.432923,62477
"13","2023-09-02","0.5-0.99","rate hosp",15.9,62477
"13","2023-09-02","0.5-0.99","inc hosp",9.933843,62477
"13","2023-08-26","0.5-0.99","rate hosp",11.9,62477
"13","2023-08-26","0.5-0.99","inc hosp",7.434763,62477
"13","2023-08-19","0.5-0.99","rate hosp",11.9,62477
"13","2023-08-19","0.5-0.99","inc hosp",7.434763,62477
"13","2023-08-12","0.5-0.99","rate hosp",0,62477
"13","2023-08-12","0.5-0.99","inc hosp",0,62477
"13","2023-08-05","0.5-0.99","rate hosp",4,62477
"13","2023-08-05","0.5-0.99","inc hosp",2.49908,62477
"13","2023-07-29","0.5-0.99","rate hosp",11.9,62477
"13","2023-07-29","0.5-0.99","inc hosp",7.434763,62477
"13","2023-07-22","0.5-0.99","rate hosp",4,62477
"13","2023-07-22","0.5-0.99","inc hosp",2.49908,62477
"13","2023-07-15","0.5-0.99","rate hosp",4,62477
"13","2023-07-15","0.5-0.99","inc hosp",2.49908,62477
"13","2023-07-08","0.5-0.99","rate hosp",0,62477
"13","2023-07-08","0.5-0.99","inc hosp",0,62477
"13","2023-07-01","0.5-0.99","rate hosp",4,62477
"13","2023-07-01","0.5-0.99","inc hosp",2.49908,62477
"13","2023-06-24","0.5-0.99","rate hosp",0,62477
"13","2023-06-24","0.5-0.99","inc hosp",0,62477
"13","2023-06-17","0.5-0.99","rate hosp",4,62477
"13","2023-06-17","0.5-0.99","inc hosp",2.49908,62477
"13","2023-06-10","0.5-0.99","rate hosp",0,62477
"13","2023-06-10","0.5-0.99","inc hosp",0,62477
"13","2023-06-03","0.5-0.99","rate hosp",8,62477
"13","2023-06-03","0.5-0.99","inc hosp",4.99816,62477
"13","2023-05-27","0.5-0.99","rate hosp",0,62477
"13","2023-05-27","0.5-0.99","inc hosp",0,62477
"13","2023-05-20","0.5-0.99","rate hosp",8,62477
"13","2023-05-20","0.5-0.99","inc hosp",4.99816,62477
"13","2023-05-13","0.5-0.99","rate hosp",4,62477
"13","2023-05-13","0.5-0.99","inc hosp",2.49908,62477
"13","2023-05-06","0.5-0.99","rate hosp",4,62477
"13","2023-05-06","0.5-0.99","inc hosp",2.49908,62477
"13","2023-04-29","0.5-0.99","rate hosp",0,62477
"13","2023-04-29","0.5-0.99","inc hosp",0,62477
"13","2023-04-22","0.5-0.99","rate hosp",0,62477
"13","2023-04-22","0.5-0.99","inc hosp",0,62477
"13","2023-04-15","0.5-0.99","rate hosp",4,62477
"13","2023-04-15","0.5-0.99","inc hosp",2.49908,62477
"13","2023-04-08","0.5-0.99","rate hosp",4,62477
"13","2023-04-08","0.5-0.99","inc hosp",2.49908,62477
"13","2023-04-01","0.5-0.99","rate hosp",0,62477
"13","2023-04-01","0.5-0.99","inc hosp",0,62477
"13","2023-03-25","0.5-0.99","rate hosp",8,62477
"13","2023-03-25","0.5-0.99","inc hosp",4.99816,62477
"13","2023-03-18","0.5-0.99","rate hosp",8,62477
"13","2023-03-18","0.5-0.99","inc hosp",4.99816,62477
"13","2023-03-11","0.5-0.99","rate hosp",4,62477
"13","2023-03-11","0.5-0.99","inc hosp",2.49908,62477
"13","2023-03-04","0.5-0.99","rate hosp",4,62477
"13","2023-03-04","0.5-0.99","inc hosp",2.49908,62477
"13","2023-02-25","0.5-0.99","rate hosp",4,62477
"13","2023-02-25","0.5-0.99","inc hosp",2.49908,62477
"13","2023-02-18","0.5-0.99","rate hosp",0,62477
"13","2023-02-18","0.5-0.99","inc hosp",0,62477
"13","2023-02-11","0.5-0.99","rate hosp",15.9,62477
"13","2023-02-11","0.5-0.99","inc hosp",9.933843,62477
"13","2023-02-04","0.5-0.99","rate hosp",0,62477
"13","2023-02-04","0.5-0.99","inc hosp",0,62477
"13","2023-01-28","0.5-0.99","rate hosp",0,62477
"13","2023-01-28","0.5-0.99","inc hosp",0,62477
"13","2023-01-21","0.5-0.99","rate hosp",0,62477
"13","2023-01-21","0.5-0.99","inc hosp",0,62477
"13","2023-01-14","0.5-0.99","rate hosp",11.9,62477
"13","2023-01-14","0.5-0.99","inc hosp",7.434763,62477
"13","2023-01-07","0.5-0.99","rate hosp",4,62477
"13","2023-01-07","0.5-0.99","inc hosp",2.49908,62477
"13","2022-12-31","0.5-0.99","rate hosp",4,62477
"13","2022-12-31","0.5-0.99","inc hosp",2.49908,62477
"13","2022-12-24","0.5-0.99","rate hosp",4,62477
"13","2022-12-24","0.5-0.99","inc hosp",2.49908,62477
"13","2022-12-17","0.5-0.99","rate hosp",8,62477
"13","2022-12-17","0.5-0.99","inc hosp",4.99816,62477
"13","2022-12-10","0.5-0.99","rate hosp",8,62477
"13","2022-12-10","0.5-0.99","inc hosp",4.99816,62477
"13","2022-12-03","0.5-0.99","rate hosp",8,62477
"13","2022-12-03","0.5-0.99","inc hosp",4.99816,62477
"13","2022-11-26","0.5-0.99","rate hosp",8,62477
"13","2022-11-26","0.5-0.99","inc hosp",4.99816,62477
"13","2022-11-19","0.5-0.99","rate hosp",11.9,62477
"13","2022-11-19","0.5-0.99","inc hosp",7.434763,62477
"13","2022-11-12","0.5-0.99","rate hosp",15.9,62477
"13","2022-11-12","0.5-0.99","inc hosp",9.933843,62477
"13","2022-11-05","0.5-0.99","rate hosp",15.9,62477
"13","2022-11-05","0.5-0.99","inc hosp",9.933843,62477
"13","2022-10-29","0.5-0.99","rate hosp",27.9,62477
"13","2022-10-29","0.5-0.99","inc hosp",17.431083,62477
"13","2022-10-22","0.5-0.99","rate hosp",27.9,62477
"13","2022-10-22","0.5-0.99","inc hosp",17.431083,62477
"13","2022-10-15","0.5-0.99","rate hosp",51.8,62477
"13","2022-10-15","0.5-0.99","inc hosp",32.363086,62477
"13","2022-10-08","0.5-0.99","rate hosp",15.9,62477
"13","2022-10-08","0.5-0.99","inc hosp",9.933843,62477
"09","2023-09-30","0.5-0.99","rate hosp",21.9,17935
"09","2023-09-30","0.5-0.99","inc hosp",3.927765,17935
"09","2023-09-23","0.5-0.99","rate hosp",0,17935
"09","2023-09-23","0.5-0.99","inc hosp",0,17935
"09","2023-09-16","0.5-0.99","rate hosp",0,17935
"09","2023-09-16","0.5-0.99","inc hosp",0,17935
"09","2023-09-09","0.5-0.99","rate hosp",0,17935
"09","2023-09-09","0.5-0.99","inc hosp",0,17935
"09","2023-09-02","0.5-0.99","rate hosp",0,17935
"09","2023-09-02","0.5-0.99","inc hosp",0,17935
"09","2023-08-26","0.5-0.99","rate hosp",0,17935
"09","2023-08-26","0.5-0.99","inc hosp",0,17935
"09","2023-08-19","0.5-0.99","rate hosp",0,17935
"09","2023-08-19","0.5-0.99","inc hosp",0,17935
"09","2023-08-12","0.5-0.99","rate hosp",0,17935
"09","2023-08-12","0.5-0.99","inc hosp",0,17935
"09","2023-08-05","0.5-0.99","rate hosp",0,17935
"09","2023-08-05","0.5-0.99","inc hosp",0,17935
"09","2023-07-29","0.5-0.99","rate hosp",0,17935
"09","2023-07-29","0.5-0.99","inc hosp",0,17935
"09","2023-07-22","0.5-0.99","rate hosp",0,17935
"09","2023-07-22","0.5-0.99","inc hosp",0,17935
"09","2023-07-15","0.5-0.99","rate hosp",0,17935
"09","2023-07-15","0.5-0.99","inc hosp",0,17935
"09","2023-07-08","0.5-0.99","rate hosp",0,17935
"09","2023-07-08","0.5-0.99","inc hosp",0,17935
"09","2023-07-01","0.5-0.99","rate hosp",0,17935
"09","2023-07-01","0.5-0.99","inc hosp",0,17935
"09","2023-06-24","0.5-0.99","rate hosp",0,17935
"09","2023-06-24","0.5-0.99","inc hosp",0,17935
"09","2023-06-17","0.5-0.99","rate hosp",0,17935
"09","2023-06-17","0.5-0.99","inc hosp",0,17935
"09","2023-06-10","0.5-0.99","rate hosp",0,17935
"09","2023-06-10","0.5-0.99","inc hosp",0,17935
"09","2023-06-03","0.5-0.99","rate hosp",0,17935
"09","2023-06-03","0.5-0.99","inc hosp",0,17935
"09","2023-05-27","0.5-0.99","rate hosp",0,17935
"09","2023-05-27","0.5-0.99","inc hosp",0,17935
"09","2023-05-20","0.5-0.99","rate hosp",0,17935
"09","2023-05-20","0.5-0.99","inc hosp",0,17935
"09","2023-05-13","0.5-0.99","rate hosp",0,17935
"09","2023-05-13","0.5-0.99","inc hosp",0,17935
"09","2023-05-06","0.5-0.99","rate hosp",0,17935
"09","2023-05-06","0.5-0.99","inc hosp",0,17935
"09","2023-04-29","0.5-0.99","rate hosp",0,17935
"09","2023-04-29","0.5-0.99","inc hosp",0,17935
"09","2023-04-22","0.5-0.99","rate hosp",0,17935
"09","2023-04-22","0.5-0.99","inc hosp",0,17935
"09","2023-04-15","0.5-0.99","rate hosp",0,17935
"09","2023-04-15","0.5-0.99","inc hosp",0,17935
"09","2023-04-08","0.5-0.99","rate hosp",21.9,17935
"09","2023-04-08","0.5-0.99","inc hosp",3.927765,17935
"09","2023-04-01","0.5-0.99","rate hosp",0,17935
"09","2023-04-01","0.5-0.99","inc hosp",0,17935
"09","2023-03-25","0.5-0.99","rate hosp",0,17935
"09","2023-03-25","0.5-0.99","inc hosp",0,17935
"09","2023-03-18","0.5-0.99","rate hosp",21.9,17935
"09","2023-03-18","0.5-0.99","inc hosp",3.927765,17935
"09","2023-03-11","0.5-0.99","rate hosp",21.9,17935
"09","2023-03-11","0.5-0.99","inc hosp",3.927765,17935
"09","2023-03-04","0.5-0.99","rate hosp",0,17935
"09","2023-03-04","0.5-0.99","inc hosp",0,17935
"09","2023-02-25","0.5-0.99","rate hosp",0,17935
"09","2023-02-25","0.5-0.99","inc hosp",0,17935